date,state,city,place_type,confirmed,deaths,is_last,estimated_population_2019,city_ibge_code,confirmed_per_100k_inhabitants,death_rate
2020-06-24,RS,Água Santa,city,12,0,True,3748,4300059,320.17076,0.0
2020-06-24,RS,Agudo,city,2,0,True,16461,4300109,12.14993,0.0
2020-06-24,RS,Ajuricaba,city,2,0,True,7024,4300208,28.4738,0.0
2020-06-24,RS,Alecrim,city,2,0,True,5950,4300307,33.61345,0.0
2020-06-24,RS,Alegrete,city,34,5,True,73589,4300406,46.20256,0.1471
2020-06-24,RS,Alpestre,city,13,0,True,6258,4300505,207.7341,0.0
2020-06-24,RS,Alto Feliz,city,4,0,True,3028,4300570,132.1004,0.0
2020-06-24,RS,Alvorada,city,274,8,True,210305,4300604,130.28696,0.0292
2020-06-24,RS,Ametista do Sul,city,9,0,True,7409,4300646,121.47388,0.0
2020-06-24,RS,André da Rocha,city,0,0,True,1333,4300661,,0.0
2020-06-24,RS,Anta Gorda,city,9,0,True,5981,4300703,150.47651,0.0
2020-06-24,RS,Antônio Prado,city,10,0,True,13050,4300802,76.62835,0.0
2020-06-24,RS,Araricá,city,7,1,True,5698,4300877,122.85012,0.1429
2020-06-24,RS,Aratiba,city,7,0,True,6235,4300901,112.26945,0.0
2020-06-24,RS,Arroio do Meio,city,139,0,True,20805,4301008,668.10863,0.0
2020-06-24,RS,Arroio do Sal,city,12,1,True,10065,4301057,119.22504,0.0833
2020-06-24,RS,Arroio dos Ratos,city,13,1,True,14151,4301107,91.8663,0.0769
2020-06-24,RS,Arroio Grande,city,6,0,True,18293,4301305,32.79943,0.0
2020-06-24,RS,Arvorezinha,city,6,0,True,10424,4301404,57.55948,0.0
2020-06-24,RS,Áurea,city,1,0,True,3554,4301552,28.13731,0.0
2020-06-24,RS,Bagé,city,100,0,True,121143,4301602,82.54707,0.0
2020-06-24,RS,Balneário Pinhal,city,10,0,True,14068,4301636,71.08331,0.0
2020-06-24,RS,Barão,city,7,0,True,6171,4301651,113.4338,0.0
2020-06-24,RS,Barão de Cotegipe,city,53,1,True,6623,4301701,800.24158,0.0189
2020-06-24,RS,Barracão,city,4,0,True,5275,4301800,75.82938,0.0
2020-06-24,RS,Barra do Ribeiro,city,12,0,True,13491,4301909,88.94819,0.0
2020-06-24,RS,Barra Funda,city,1,0,True,2539,4301958,39.38558,0.0
2020-06-24,RS,Barros Cassal,city,2,1,True,11199,4302006,17.85874,0.5
2020-06-24,RS,Benjamin Constant do Sul,city,20,0,True,1994,4302055,1003.00903,0.0
2020-06-24,RS,Bento Gonçalves,city,945,28,True,120454,4302105,784.53185,0.0296
2020-06-24,RS,Boa Vista das Missões,city,2,0,True,2098,4302154,95.32888,0.0
2020-06-24,RS,Boa Vista do Sul,city,13,1,True,2783,4302253,467.12181,0.0769
2020-06-24,RS,Bom Jesus,city,48,0,True,11349,4302303,422.94475,0.0
2020-06-24,RS,Bom Princípio,city,59,0,True,14055,4302352,419.77944,0.0
2020-06-24,RS,Bom Progresso,city,5,0,True,1942,4302378,257.46653,0.0
2020-06-24,RS,Bom Retiro do Sul,city,75,1,True,12328,4302402,608.37119,0.0133
2020-06-24,RS,Bossoroca,city,3,0,True,6279,4302501,47.77831,0.0
2020-06-24,RS,Braga,city,2,0,True,3353,4302600,59.64808,0.0
2020-06-24,RS,Brochier,city,12,0,True,5074,4302659,236.4998,0.0
2020-06-24,RS,Butiá,city,19,1,True,20941,4302709,90.7311,0.0526
2020-06-24,RS,Caçapava do Sul,city,116,2,True,33624,4302808,344.99167,0.0172
2020-06-24,RS,Cacequi,city,2,0,True,12561,4302907,15.9223,0.0
2020-06-24,RS,Cachoeira do Sul,city,93,0,True,82201,4303004,113.13731,0.0
2020-06-24,RS,Cachoeirinha,city,261,3,True,130293,4303103,200.31775,0.0115
2020-06-24,RS,Cacique Doble,city,10,0,True,5065,4303202,197.43337,0.0
2020-06-24,RS,Caibaté,city,0,0,True,4846,4303301,,0.0
2020-06-24,RS,Caiçara,city,1,0,True,4743,4303400,21.0837,0.0
2020-06-24,RS,Camaquã,city,38,3,True,66261,4303509,57.34897,0.0789
2020-06-24,RS,Camargo,city,19,0,True,2733,4303558,695.20673,0.0
2020-06-24,RS,Cambará do Sul,city,3,0,True,6431,4303608,46.64904,0.0
2020-06-24,RS,Campestre da Serra,city,8,0,True,3388,4303673,236.12751,0.0
2020-06-24,RS,Campinas do Sul,city,9,0,True,5454,4303806,165.0165,0.0
2020-06-24,RS,Campo Bom,city,153,5,True,66712,4303905,229.34405,0.0327
2020-06-24,RS,Campo Novo,city,4,0,True,4484,4304002,89.20607,0.0
2020-06-24,RS,Candelária,city,9,0,True,31365,4304200,28.6944,0.0
2020-06-24,RS,Cândido Godói,city,1,0,True,6198,4304309,16.13424,0.0
2020-06-24,RS,Candiota,city,3,0,True,9584,4304358,31.30217,0.0
2020-06-24,RS,Canela,city,22,1,True,44998,4304408,48.89106,0.0455
2020-06-24,RS,Canguçu,city,31,2,True,56045,4304507,55.3127,0.0645
2020-06-24,RS,Canoas,city,375,12,True,346616,4304606,108.18889,0.032
2020-06-24,RS,Canudos do Vale,city,4,0,True,1716,4304614,233.10023,0.0
2020-06-24,RS,Capão da Canoa,city,51,2,True,53049,4304630,96.13753,0.0392
2020-06-24,RS,Capão do Cipó,city,2,0,True,3651,4304655,54.77951,0.0
2020-06-24,RS,Capão do Leão,city,4,0,True,25354,4304663,15.7766,0.0
2020-06-24,RS,Capela de Santana,city,1,0,True,11940,4304689,8.37521,0.0
2020-06-24,RS,Capitão,city,15,0,True,2757,4304697,544.06964,0.0
2020-06-24,RS,Caraá,city,13,0,True,8270,4304713,157.19468,0.0
2020-06-24,RS,Carazinho,city,76,0,True,62110,4304705,122.36355,0.0
2020-06-24,RS,Carlos Barbosa,city,256,6,True,29833,4304804,858.11015,0.0234
2020-06-24,RS,Casca,city,12,0,True,9031,4304903,132.87565,0.0
2020-06-24,RS,Caseiros,city,9,0,True,3202,4304952,281.07433,0.0
2020-06-24,RS,Catuípe,city,6,0,True,8774,4305009,68.38386,0.0
2020-06-24,RS,Caxias do Sul,city,765,12,True,510906,4305108,149.734,0.0157
2020-06-24,RS,Centenário,city,2,0,True,2891,4305116,69.18021,0.0
2020-06-24,RS,Cerrito,city,0,0,True,6091,4305124,,0.0
2020-06-24,RS,Cerro Grande do Sul,city,2,1,True,12239,4305173,16.3412,0.5
2020-06-24,RS,Cerro Largo,city,3,0,True,14133,4305207,21.22692,0.0
2020-06-24,RS,Chapada,city,6,0,True,9269,4305306,64.7319,0.0
2020-06-24,RS,Charqueadas,city,33,1,True,40789,4305355,80.90417,0.0303
2020-06-24,RS,Chiapetta,city,20,0,True,3756,4305405,532.48136,0.0
2020-06-24,RS,Chuvisca,city,6,0,True,5441,4305447,110.27385,0.0
2020-06-24,RS,Cidreira,city,29,1,True,16254,4305454,178.41762,0.0345
2020-06-24,RS,Ciríaco,city,5,0,True,4747,4305504,105.32968,0.0
2020-06-24,RS,Colinas,city,15,0,True,2438,4305587,615.25841,0.0
2020-06-24,RS,Colorado,city,4,0,True,3175,4305603,125.98425,0.0
2020-06-24,RS,Condor,city,25,1,True,6753,4305702,370.20583,0.04
2020-06-24,RS,Constantina,city,30,1,True,9911,4305801,302.69398,0.0333
2020-06-24,RS,Coqueiros do Sul,city,5,1,True,2306,4305850,216.82567,0.2
2020-06-24,RS,Coronel Barros,city,1,0,True,2519,4305871,39.69829,0.0
2020-06-24,RS,Coronel Bicaco,city,4,0,True,7325,4305900,54.60751,0.0
2020-06-24,RS,Coronel Pilar,city,1,0,True,1628,4305934,61.42506,0.0
2020-06-24,RS,Cotiporã,city,7,0,True,3853,4305959,181.67662,0.0
2020-06-24,RS,Coxilha,city,27,1,True,2756,4305975,979.6807,0.037
2020-06-24,RS,Crissiumal,city,6,0,True,13448,4306007,44.6163,0.0
2020-06-24,RS,Cristal do Sul,city,1,0,True,2847,4306072,35.12469,0.0
2020-06-24,RS,Cruz Alta,city,109,3,True,60299,4306106,180.76585,0.0275
2020-06-24,RS,Cruzaltense,city,7,0,True,1833,4306130,381.88762,0.0
2020-06-24,RS,Cruzeiro do Sul,city,101,3,True,12348,4306205,817.94623,0.0297
2020-06-24,RS,David Canabarro,city,8,0,True,4740,4306304,168.77637,0.0
2020-06-24,RS,Derrubadas,city,1,0,True,2805,4306320,35.65062,0.0
2020-06-24,RS,Dois Irmãos,city,24,1,True,32671,4306403,73.45964,0.0417
2020-06-24,RS,Dois Irmãos das Missões,city,0,0,True,2026,4306429,,0.0
2020-06-24,RS,Dois Lajeados,city,3,0,True,3400,4306452,88.23529,0.0
2020-06-24,RS,Dom Feliciano,city,3,0,True,15414,4306502,19.46283,0.0
2020-06-24,RS,Dom Pedrito,city,22,1,True,38461,4306601,57.2008,0.0455
2020-06-24,RS,Dom Pedro de Alcântara,city,1,0,True,2534,4306551,39.4633,0.0
2020-06-24,RS,Doutor Maurício Cardoso,city,6,2,True,4549,4306734,131.89712,0.3333
2020-06-24,RS,Doutor Ricardo,city,5,0,True,1983,4306759,252.14322,0.0
2020-06-24,RS,Eldorado do Sul,city,44,1,True,41285,4306767,106.57624,0.0227
2020-06-24,RS,Encantado,city,121,4,True,22706,4306809,532.89879,0.0331
2020-06-24,RS,Encruzilhada do Sul,city,25,1,True,25877,4306908,96.61089,0.04
2020-06-24,RS,Engenho Velho,city,1,0,True,1034,4306924,96.7118,0.0
2020-06-24,RS,Entre-Ijuís,city,19,0,True,8475,4306932,224.18879,0.0
2020-06-24,RS,Entre Rios do Sul,city,21,0,True,2792,4306957,752.149,0.0
2020-06-24,RS,Erebango,city,5,0,True,2991,4306973,167.16817,0.0
2020-06-24,RS,Erechim,city,471,3,True,105862,4307005,444.91886,0.0064
2020-06-24,RS,Ernestina,city,4,0,True,3168,4307054,126.26263,0.0
2020-06-24,RS,Erval Grande,city,12,0,True,4859,4307203,246.9644,0.0
2020-06-24,RS,Esmeralda,city,3,1,True,3282,4307401,91.40768,0.3333
2020-06-24,RS,Esperança do Sul,city,19,1,True,2926,4307450,649.35065,0.0526
2020-06-24,RS,Espumoso,city,17,1,True,15588,4307500,109.05825,0.0588
2020-06-24,RS,Estação,city,20,0,True,5958,4307559,335.68312,0.0
2020-06-24,RS,Estância Velha,city,46,0,True,50022,4307609,91.95954,0.0
2020-06-24,RS,Esteio,city,142,6,True,83202,4307708,170.66897,0.0423
2020-06-24,RS,Estrela,city,204,2,True,34116,4307807,597.9599,0.0098
2020-06-24,RS,Eugênio de Castro,city,0,0,True,2396,4307831,,0.0
2020-06-24,RS,Farroupilha,city,413,5,True,72331,4307906,570.98616,0.0121
2020-06-24,RS,Faxinal do Soturno,city,1,0,True,6677,4308003,14.97679,0.0
2020-06-24,RS,Faxinalzinho,city,25,0,True,2315,4308052,1079.91361,0.0
2020-06-24,RS,Fazenda Vilanova,city,8,0,True,4533,4308078,176.48356,0.0
2020-06-24,RS,Feliz,city,15,0,True,13547,4308102,110.72562,0.0
2020-06-24,RS,Flores da Cunha,city,66,1,True,30745,4308201,214.66905,0.0152
2020-06-24,RS,Floriano Peixoto,city,15,0,True,1766,4308250,849.37712,0.0
2020-06-24,RS,Fontoura Xavier,city,11,0,True,10304,4308300,106.75466,0.0
2020-06-24,RS,Formigueiro,city,79,0,True,6664,4308409,1185.47419,0.0
2020-06-24,RS,Forquetinha,city,1,0,True,2412,4308433,41.45937,0.0
2020-06-24,RS,Frederico Westphalen,city,81,2,True,31313,4308508,258.6785,0.0247
2020-06-24,RS,Garibaldi,city,544,5,True,35070,4308607,1551.18335,0.0092
2020-06-24,RS,Gaurama,city,27,0,True,5534,4308706,487.89302,0.0
2020-06-24,RS,General Câmara,city,27,1,True,8385,4308805,322.00358,0.037
2020-06-24,RS,Gentil,city,11,0,True,1634,4308854,673.19461,0.0
2020-06-24,RS,Getúlio Vargas,city,23,1,True,16212,4308904,141.87022,0.0435
2020-06-24,RS,Giruá,city,10,2,True,16004,4309001,62.48438,0.2
2020-06-24,RS,Glorinha,city,5,0,True,8098,4309050,61.74364,0.0
2020-06-24,RS,Gramado,city,15,0,True,36232,4309100,41.39987,0.0
2020-06-24,RS,Gramado dos Loureiros,city,27,0,True,2082,4309126,1296.82997,0.0
2020-06-24,RS,Gramado Xavier,city,1,0,True,4325,4309159,23.12139,0.0
2020-06-24,RS,Gravataí,city,272,9,True,281519,4309209,96.6187,0.0331
2020-06-24,RS,Guabiju,city,1,0,True,1503,4309258,66.5336,0.0
2020-06-24,RS,Guaíba,city,97,7,True,98143,4309308,98.83537,0.0722
2020-06-24,RS,Guaporé,city,100,0,True,25727,4309407,388.6967,0.0
2020-06-24,RS,Guarani das Missões,city,1,1,True,7537,4309506,13.26788,1.0
2020-06-24,RS,Harmonia,city,12,0,True,4866,4309555,246.60912,0.0
2020-06-24,RS,Horizontina,city,17,1,True,19329,4309605,87.95075,0.0588
2020-06-24,RS,Hulha Negra,city,3,1,True,6776,4309654,44.27391,0.3333
2020-06-24,RS,Humaitá,city,7,0,True,4762,4309704,146.99706,0.0
2020-06-24,RS,Ibiaçá,city,9,0,True,4709,4309803,191.12338,0.0
2020-06-24,RS,Ibiraiaras,city,2,0,True,7262,4309902,27.54062,0.0
2020-06-24,RS,Ibirapuitã,city,27,2,True,4013,4309951,672.81336,0.0741
2020-06-24,RS,Ibirubá,city,48,2,True,20350,4310009,235.87224,0.0417
2020-06-24,RS,Igrejinha,city,9,0,True,36899,4310108,24.3909,0.0
2020-06-24,RS,Ijuí,city,112,1,True,83475,4310207,134.17191,0.0089
2020-06-24,RS,Imbé,city,23,0,True,22800,4310330,100.87719,0.0
2020-06-24,RS,Imigrante,city,10,0,True,3120,4310363,320.51282,0.0
2020-06-24,RS,Independência,city,1,0,True,6167,4310405,16.21534,0.0
2020-06-24,RS,Inhacorá,city,2,0,True,2226,4310413,89.84726,0.0
2020-06-24,RS,Ipê,city,1,0,True,6640,4310439,15.06024,0.0
2020-06-24,RS,Iraí,city,7,0,True,7241,4310504,96.67173,0.0
2020-06-24,RS,Itaara,city,7,1,True,5499,4310538,127.29587,0.1429
2020-06-24,RS,Itacurubi,city,18,2,True,3465,4310553,519.48052,0.1111
2020-06-24,RS,Itaqui,city,6,0,True,37620,4310603,15.94896,0.0
2020-06-24,RS,Itati,city,5,0,True,2419,4310652,206.69698,0.0
2020-06-24,RS,Itatiba do Sul,city,9,0,True,3324,4310702,270.75812,0.0
2020-06-24,RS,Ivoti,city,38,1,True,24293,4310801,156.42366,0.0263
2020-06-24,RS,Jaboticaba,city,2,0,True,3810,4310850,52.49344,0.0
2020-06-24,RS,Jacutinga,city,5,0,True,3561,4310900,140.41,0.0
2020-06-24,RS,Jaguarão,city,1,0,True,26680,4311007,3.74813,0.0
2020-06-24,RS,Jaguari,city,19,4,True,10848,4311106,175.14749,0.2105
2020-06-24,RS,Jaquirana,city,2,0,True,3716,4311122,53.82131,0.0
2020-06-24,RS,Jóia,city,1,0,True,8560,4311155,11.68224,0.0
2020-06-24,RS,Júlio de Castilhos,city,15,0,True,19293,4311205,77.74841,0.0
2020-06-24,RS,Lagoão,city,0,0,True,6452,4311254,,0.0
2020-06-24,RS,Lagoa Vermelha,city,37,1,True,27807,4311304,133.06002,0.027
2020-06-24,RS,Lajeado,city,1585,21,True,84014,4311403,1886.59033,0.0132
2020-06-24,RS,Lajeado do Bugre,city,3,0,True,2564,4311429,117.00468,0.0
2020-06-24,RS,Lavras do Sul,city,23,0,True,7480,4311502,307.48663,0.0
2020-06-24,RS,Liberato Salzano,city,1,0,True,5219,4311601,19.16076,0.0
2020-06-24,RS,Lindolfo Collor,city,1,1,True,6054,4311627,16.518,1.0
2020-06-24,RS,Machadinho,city,6,0,True,5445,4311700,110.19284,0.0
2020-06-24,RS,Manoel Viana,city,3,1,True,7299,4311759,41.10152,0.3333
2020-06-24,RS,Maquiné,city,17,0,True,6714,4311775,253.20226,0.0
2020-06-24,RS,Maratá,city,8,0,True,2691,4311791,297.28725,0.0
2020-06-24,RS,Marau,city,536,9,True,44161,4311809,1213.74063,0.0168
2020-06-24,RS,Marcelino Ramos,city,13,0,True,4402,4311908,295.32031,0.0
2020-06-24,RS,Mariana Pimentel,city,4,2,True,3885,4311981,102.9601,0.5
2020-06-24,RS,Mariano Moro,city,18,0,True,2031,4312005,886.26292,0.0
2020-06-24,RS,Marques de Souza,city,8,0,True,4009,4312054,199.55101,0.0
2020-06-24,RS,Mato Castelhano,city,3,1,True,2540,4312138,118.11024,0.3333
2020-06-24,RS,Mato Leitão,city,10,0,True,4515,4312153,221.48394,0.0
2020-06-24,RS,Maximiliano de Almeida,city,4,0,True,4377,4312203,91.38679,0.0
2020-06-24,RS,Minas do Leão,city,13,0,True,8075,4312252,160.99071,0.0
2020-06-24,RS,Miraguaí,city,1,0,True,4925,4312302,20.30457,0.0
2020-06-24,RS,Montauri,city,7,0,True,1453,4312351,481.76187,0.0
2020-06-24,RS,Monte Alegre dos Campos,city,1,0,True,3226,4312377,30.99814,0.0
2020-06-24,RS,Monte Belo do Sul,city,8,1,True,2548,4312385,313.97174,0.125
2020-06-24,RS,Montenegro,city,122,1,True,65264,4312401,186.93307,0.0082
2020-06-24,RS,Mormaço,city,3,0,True,3085,4312427,97.24473,0.0
2020-06-24,RS,Morrinhos do Sul,city,5,0,True,2949,4312443,169.549,0.0
2020-06-24,RS,Morro Reuter,city,9,0,True,6407,4312476,140.47136,0.0
2020-06-24,RS,Mostardas,city,1,0,True,12804,4312500,7.81006,0.0
2020-06-24,RS,Muçum,city,23,0,True,4954,4312609,464.2713,0.0
2020-06-24,RS,Muliterno,city,5,0,True,1893,4312625,264.13101,0.0
2020-06-24,RS,Não-Me-Toque,city,41,1,True,17624,4312658,232.63731,0.0244
2020-06-24,RS,Nicolau Vergueiro,city,2,0,True,1682,4312674,118.90606,0.0
2020-06-24,RS,Nonoai,city,77,2,True,11695,4312708,658.40103,0.026
2020-06-24,RS,Nova Alvorada,city,19,1,True,3625,4312757,524.13793,0.0526
2020-06-24,RS,Nova Araçá,city,436,1,True,4759,4312807,9161.58857,0.0023
2020-06-24,RS,Nova Bassano,city,49,0,True,9916,4312906,494.15087,0.0
2020-06-24,RS,Nova Bréscia,city,9,0,True,3330,4313003,270.27027,0.0
2020-06-24,RS,Nova Candelária,city,2,0,True,2698,4313011,74.12898,0.0
2020-06-24,RS,Nova Hartz,city,24,0,True,21615,4313060,111.034,0.0
2020-06-24,RS,Nova Pádua,city,1,0,True,2553,4313086,39.1696,0.0
2020-06-24,RS,Nova Palma,city,0,0,True,6512,4313102,,0.0
2020-06-24,RS,Nova Petrópolis,city,7,1,True,21353,4313201,32.78228,0.1429
2020-06-24,RS,Nova Prata,city,115,1,True,27257,4313300,421.90997,0.0087
2020-06-24,RS,Nova Roma do Sul,city,2,0,True,3689,4313359,54.21523,0.0
2020-06-24,RS,Nova Santa Rita,city,13,0,True,29300,4313375,44.3686,0.0
2020-06-24,RS,Novo Barreiro,city,2,0,True,4164,4313490,48.03074,0.0
2020-06-24,RS,Novo Hamburgo,city,514,12,True,246748,4313409,208.30969,0.0233
2020-06-24,RS,Novo Machado,city,1,0,True,3323,4313425,30.09329,0.0
2020-06-24,RS,Novo Xingu,city,0,0,True,1719,4313466,,0.0
2020-06-24,RS,Osório,city,144,2,True,45994,4313508,313.08432,0.0139
2020-06-24,RS,Paim Filho,city,3,0,True,3828,4313607,78.36991,0.0
2020-06-24,RS,Palmares do Sul,city,4,0,True,11318,4313656,35.34193,0.0
2020-06-24,RS,Palmeira das Missões,city,151,4,True,33303,4313706,453.41261,0.0265
2020-06-24,RS,Palmitinho,city,2,0,True,7057,4313805,28.34065,0.0
2020-06-24,RS,Panambi,city,26,0,True,43667,4313904,59.54153,0.0
2020-06-24,RS,Pantano Grande,city,1,0,True,9174,4313953,10.90037,0.0
2020-06-24,RS,Paraí,city,25,0,True,7657,4314001,326.49863,0.0
2020-06-24,RS,Paraíso do Sul,city,2,0,True,7611,4314027,26.27776,0.0
2020-06-24,RS,Pareci Novo,city,2,0,True,3837,4314035,52.12406,0.0
2020-06-24,RS,Parobé,city,22,1,True,58272,4314050,37.75398,0.0455
2020-06-24,RS,Passo do Sobrado,city,1,0,True,6535,4314076,15.30222,0.0
2020-06-24,RS,Passo Fundo,city,1557,41,True,203275,4314100,765.95745,0.0263
2020-06-24,RS,Paulo Bento,city,1,0,True,2293,4314134,43.61099,0.0
2020-06-24,RS,Paverama,city,46,3,True,8487,4314159,542.00542,0.0652
2020-06-24,RS,Pedro Osório,city,1,0,True,7730,4314209,12.93661,0.0
2020-06-24,RS,Pelotas,city,215,2,True,342405,4314407,62.79114,0.0093
2020-06-24,RS,Picada Café,city,1,0,True,5742,4314423,17.41553,0.0
2020-06-24,RS,Pinhal,city,2,0,True,2579,4314456,77.54944,0.0
2020-06-24,RS,Pinheirinho do Vale,city,1,0,True,4871,4314498,20.52967,0.0
2020-06-24,RS,Pinheiro Machado,city,2,0,True,12271,4314506,16.29859,0.0
2020-06-24,RS,Pinto Bandeira,city,4,1,True,3003,4314548,133.20013,0.25
2020-06-24,RS,Piratini,city,7,0,True,20663,4314605,33.87698,0.0
2020-06-24,RS,Planalto,city,39,1,True,10084,4314704,386.75129,0.0256
2020-06-24,RS,Poço das Antas,city,49,0,True,2098,4314753,2335.55767,0.0
2020-06-24,RS,Pontão,city,12,1,True,3904,4314779,307.37705,0.0833
2020-06-24,RS,Ponte Preta,city,10,0,True,1547,4314787,646.41241,0.0
2020-06-24,RS,Portão,city,47,1,True,37079,4314803,126.75639,0.0213
2020-06-24,RS,Porto Alegre,city,2123,69,True,1483771,4314902,143.08138,0.0325
2020-06-24,RS,Porto Mauá,city,1,0,True,2374,4315057,42.123,0.0
2020-06-24,RS,Porto Xavier,city,30,0,True,10246,4315107,292.79719,0.0
2020-06-24,RS,Pouso Novo,city,3,0,True,1639,4315131,183.03844,0.0
2020-06-24,RS,Presidente Lucena,city,23,0,True,2901,4315149,792.83006,0.0
2020-06-24,RS,Progresso,city,23,0,True,6244,4315156,368.35362,0.0
2020-06-24,RS,Protásio Alves,city,5,0,True,1947,4315172,256.80534,0.0
2020-06-24,RS,Quaraí,city,15,2,True,22687,4315305,66.11716,0.1333
2020-06-24,RS,Quatro Irmãos,city,1,0,True,1849,4315313,54.08329,0.0
2020-06-24,RS,Quevedos,city,5,0,True,2788,4315321,179.34003,0.0
2020-06-24,RS,Quinze de Novembro,city,1,0,True,3796,4315354,26.34352,0.0
2020-06-24,RS,Redentora,city,5,0,True,11549,4315404,43.29379,0.0
2020-06-24,RS,Restinga Sêca,city,22,1,True,15789,4315503,139.33751,0.0455
2020-06-24,RS,Rio dos Índios,city,6,0,True,2752,4315552,218.02326,0.0
2020-06-24,RS,Rio Grande,city,160,2,True,211005,4315602,75.82759,0.0125
2020-06-24,RS,Rio Pardo,city,10,0,True,38275,4315701,26.12671,0.0
2020-06-24,RS,Roca Sales,city,29,2,True,11393,4315800,254.54226,0.069
2020-06-24,RS,Rodeio Bonito,city,1,0,True,5867,4315909,17.04449,0.0
2020-06-24,RS,Rolante,city,16,0,True,21349,4316006,74.94496,0.0
2020-06-24,RS,Ronda Alta,city,31,0,True,10601,4316105,292.42524,0.0
2020-06-24,RS,Rondinha,city,2,0,True,5130,4316204,38.98635,0.0
2020-06-24,RS,Roque Gonzales,city,4,0,True,6847,4316303,58.41975,0.0
2020-06-24,RS,Rosário do Sul,city,3,0,True,39422,4316402,7.60996,0.0
2020-06-24,RS,Sagrada Família,city,2,0,True,2609,4316428,76.65772,0.0
2020-06-24,RS,Saldanha Marinho,city,37,4,True,2650,4316436,1396.22642,0.1081
2020-06-24,RS,Salto do Jacuí,city,25,0,True,12449,4316451,200.81934,0.0
2020-06-24,RS,Salvador do Sul,city,3,0,True,7799,4316501,38.46647,0.0
2020-06-24,RS,Sananduva,city,32,0,True,16270,4316600,196.68101,0.0
2020-06-24,RS,Santa Bárbara do Sul,city,3,0,True,7994,4316709,37.52815,0.0
2020-06-24,RS,Santa Cecília do Sul,city,14,0,True,1639,4316733,854.17938,0.0
2020-06-24,RS,Santa Clara do Sul,city,23,0,True,6603,4316758,348.32652,0.0
2020-06-24,RS,Santa Cruz do Sul,city,130,1,True,130416,4316808,99.68102,0.0077
2020-06-24,RS,Santa Maria,city,514,15,True,282123,4316907,182.19004,0.0292
2020-06-24,RS,Santa Maria do Herval,city,11,0,True,6331,4316956,173.74822,0.0
2020-06-24,RS,Sant'Ana do Livramento,city,106,2,True,77027,4317103,137.61408,0.0189
2020-06-24,RS,Santa Rosa,city,69,2,True,73254,4317202,94.19281,0.029
2020-06-24,RS,Santa Tereza,city,12,1,True,1729,4317251,694.0428,0.0833
2020-06-24,RS,Santa Vitória do Palmar,city,17,0,True,29676,4317301,57.28535,0.0
2020-06-24,RS,Santiago,city,75,0,True,49425,4317400,151.74507,0.0
2020-06-24,RS,Santo Ângelo,city,151,12,True,77593,4317509,194.60518,0.0795
2020-06-24,RS,Santo Antônio da Patrulha,city,34,1,True,42894,4317608,79.26517,0.0294
2020-06-24,RS,Santo Antônio do Palma,city,13,0,True,2128,4317558,610.90226,0.0
2020-06-24,RS,Santo Augusto,city,2,1,True,13885,4317806,14.40403,0.5
2020-06-24,RS,Santo Cristo,city,2,0,True,14257,4317905,14.0282,0.0
2020-06-24,RS,São Borja,city,35,2,True,60282,4318002,58.06045,0.0571
2020-06-24,RS,São Domingos do Sul,city,13,0,True,3074,4318051,422.90176,0.0
2020-06-24,RS,São Francisco de Assis,city,4,1,True,18335,4318101,21.8162,0.25
2020-06-24,RS,São Francisco de Paula,city,13,0,True,21710,4318200,59.88024,0.0
2020-06-24,RS,São Gabriel,city,190,8,True,62105,4318309,305.9335,0.0421
2020-06-24,RS,São Jerônimo,city,32,1,True,24248,4318408,131.96965,0.0312
2020-06-24,RS,São João da Urtiga,city,3,0,True,4657,4318424,64.41915,0.0
2020-06-24,RS,São Jorge,city,13,0,True,2824,4318440,460.33994,0.0
2020-06-24,RS,São José das Missões,city,1,0,True,2537,4318457,39.41663,0.0
2020-06-24,RS,São José do Herval,city,12,0,True,1971,4318465,608.82801,0.0
2020-06-24,RS,São José do Hortêncio,city,6,0,True,4804,4318481,124.89592,0.0
2020-06-24,RS,São José do Norte,city,8,0,True,27568,4318507,29.01915,0.0
2020-06-24,RS,São José do Ouro,city,1,0,True,6933,4318606,14.42377,0.0
2020-06-24,RS,São José do Sul,city,2,0,True,2408,4318614,83.05648,0.0
2020-06-24,RS,São Leopoldo,city,585,9,True,236835,4318705,247.00741,0.0154
2020-06-24,RS,São Lourenço do Sul,city,14,0,True,43582,4318804,32.12335,0.0
2020-06-24,RS,São Luiz Gonzaga,city,12,0,True,33468,4318903,35.85515,0.0
2020-06-24,RS,São Marcos,city,42,0,True,21556,4319000,194.84134,0.0
2020-06-24,RS,São Martinho,city,10,0,True,5426,4319109,184.29783,0.0
2020-06-24,RS,São Martinho da Serra,city,5,0,True,3234,4319125,154.6073,0.0
2020-06-24,RS,São Paulo das Missões,city,1,0,True,5790,4319307,17.27116,0.0
2020-06-24,RS,São Pedro da Serra,city,11,0,True,3801,4319356,289.39753,0.0
2020-06-24,RS,São Pedro do Sul,city,1,0,True,16198,4319406,6.1736,0.0
2020-06-24,RS,São Sebastião do Caí,city,53,1,True,25685,4319505,206.34612,0.0189
2020-06-24,RS,São Sepé,city,46,1,True,23621,4319604,194.74197,0.0217
2020-06-24,RS,São Valentim,city,24,1,True,3299,4319703,727.49318,0.0417
2020-06-24,RS,São Valentim do Sul,city,3,0,True,2242,4319711,133.8091,0.0
2020-06-24,RS,São Valério do Sul,city,1,0,True,2727,4319737,36.67033,0.0
2020-06-24,RS,São Vendelino,city,5,0,True,2243,4319752,222.91574,0.0
2020-06-24,RS,São Vicente do Sul,city,1,1,True,8721,4319802,11.46657,1.0
2020-06-24,RS,Sapiranga,city,47,1,True,81734,4319901,57.50361,0.0213
2020-06-24,RS,Sapucaia do Sul,city,265,10,True,141075,4320008,187.84335,0.0377
2020-06-24,RS,Sarandi,city,57,1,True,24489,4320107,232.75756,0.0175
2020-06-24,RS,Seberi,city,10,1,True,10750,4320206,93.02326,0.1
2020-06-24,RS,Selbach,city,3,0,True,5100,4320305,58.82353,0.0
2020-06-24,RS,Serafina Corrêa,city,169,1,True,17502,4320404,965.60393,0.0059
2020-06-24,RS,Sério,city,4,0,True,1962,4320453,203.8736,0.0
2020-06-24,RS,Sertão,city,31,1,True,5415,4320503,572.48384,0.0323
2020-06-24,RS,Sertão Santana,city,1,0,True,6486,4320552,15.41782,0.0
2020-06-24,RS,Soledade,city,41,1,True,31002,4320800,132.24953,0.0244
2020-06-24,RS,Tabaí,city,12,0,True,4719,4320859,254.29116,0.0
2020-06-24,RS,Tapejara,city,139,0,True,24111,4320909,576.50035,0.0
2020-06-24,RS,Tapera,city,7,0,True,10584,4321006,66.13757,0.0
2020-06-24,RS,Tapes,city,1,0,True,17300,4321105,5.78035,0.0
2020-06-24,RS,Taquara,city,16,0,True,57466,4321204,27.84255,0.0
2020-06-24,RS,Taquari,city,143,2,True,26862,4321303,532.35053,0.014
2020-06-24,RS,Tenente Portela,city,22,0,True,13485,4321402,163.14423,0.0
2020-06-24,RS,Terra de Areia,city,25,0,True,11204,4321436,223.13459,0.0
2020-06-24,RS,Teutônia,city,242,0,True,33232,4321451,728.21377,0.0
2020-06-24,RS,Tio Hugo,city,4,1,True,3030,4321469,132.0132,0.25
2020-06-24,RS,Tiradentes do Sul,city,13,2,True,5704,4321477,227.91024,0.1538
2020-06-24,RS,Torres,city,62,1,True,38732,4321501,160.07436,0.0161
2020-06-24,RS,Tramandaí,city,50,3,True,51715,4321600,96.68375,0.06
2020-06-24,RS,Travesseiro,city,2,0,True,2336,4321626,85.61644,0.0
2020-06-24,RS,Três Arroios,city,5,0,True,2668,4321634,187.4063,0.0
2020-06-24,RS,Três Cachoeiras,city,41,1,True,11053,4321667,370.94002,0.0244
2020-06-24,RS,Três de Maio,city,5,0,True,23906,4321808,20.91525,0.0
2020-06-24,RS,Três Forquilhas,city,4,0,True,2697,4321832,148.31294,0.0
2020-06-24,RS,Três Palmeiras,city,34,0,True,4271,4321857,796.06649,0.0
2020-06-24,RS,Três Passos,city,188,2,True,23906,4321907,786.41345,0.0106
2020-06-24,RS,Trindade do Sul,city,63,2,True,5802,4321956,1085.83247,0.0317
2020-06-24,RS,Triunfo,city,52,1,True,29538,4322004,176.04442,0.0192
2020-06-24,RS,Tucunduva,city,1,0,True,5678,4322103,17.61184,0.0
2020-06-24,RS,Tunas,city,14,2,True,4569,4322152,306.41278,0.1429
2020-06-24,RS,Tupanciretã,city,11,1,True,23948,4322202,45.93285,0.0909
2020-06-24,RS,Tupandi,city,10,0,True,4855,4322251,205.97322,0.0
2020-06-24,RS,Unistalda,city,2,0,True,2338,4322376,85.5432,0.0
2020-06-24,RS,Uruguaiana,city,69,0,True,126970,4322400,54.34355,0.0
2020-06-24,RS,Vacaria,city,121,6,True,66218,4322509,182.72977,0.0496
2020-06-24,RS,Vale Real,city,1,0,True,5913,4322541,16.91189,0.0
2020-06-24,RS,Vale Verde,city,12,0,True,3497,4322525,343.15127,0.0
2020-06-24,RS,Vanini,city,4,0,True,2113,4322558,189.30431,0.0
2020-06-24,RS,Venâncio Aires,city,250,7,True,71554,4322608,349.38648,0.028
2020-06-24,RS,Vera Cruz,city,4,0,True,26863,4322707,14.89037,0.0
2020-06-24,RS,Veranópolis,city,72,0,True,26241,4322806,274.37979,0.0
2020-06-24,RS,Vespasiano Corrêa,city,7,0,True,1815,4322855,385.67493,0.0
2020-06-24,RS,Viadutos,city,5,1,True,4756,4322905,105.13036,0.2
2020-06-24,RS,Viamão,city,125,13,True,255224,4323002,48.97659,0.104
2020-06-24,RS,Victor Graeff,city,4,0,True,2882,4323200,138.79251,0.0
2020-06-24,RS,Vila Flores,city,12,0,True,3385,4323309,354.50517,0.0
2020-06-24,RS,Vila Lângaro,city,5,0,True,2091,4323358,239.12004,0.0
2020-06-24,RS,Vila Maria,city,27,1,True,4358,4323408,619.55025,0.037
2020-06-24,RS,Vila Nova do Sul,city,12,0,True,4280,4323457,280.37383,0.0
2020-06-24,RS,Vista Alegre do Prata,city,3,0,True,1561,4323606,192.1845,0.0
2020-06-24,RS,Vista Gaúcha,city,3,0,True,2851,4323705,105.22624,0.0
2020-06-24,RS,Vitória das Missões,city,1,0,True,3133,4323754,31.91829,0.0
2020-06-24,RS,Westfália,city,41,0,True,3014,4323770,1360.31851,0.0
2020-06-24,RS,Xangri-lá,city,9,1,True,16408,4323804,54.85129,0.1111
